Engine,N,Time_s,GFLOPS
rc0,128,0.02288,0.18
rc0,256,0.18005,0.19
rc0,512,1.42296,0.19
rc0,1024,11.36704,0.19
rc0,2048,90.79465,0.19
rc0,4096,725.27853,0.19
rc0,8192,5796.68270,0.19
opt,128,0.00422,0.99
opt,256,0.03068,1.09
opt,512,0.21915,1.22
opt,1024,1.83751,1.17
opt,2048,13.76297,1.25
opt,4096,109.45264,1.26
opt,128,0.00410,1.02
opt,8192,920.05020,1.20
opt-err,128,0.01636,0.26
